{
  "sources": [
    {
      "name": "Mrk501_",
      "ra": 253.467570,
      "dec": 39.760169,
      "weight": 1,
      "other": "",
      "flux": 4.5089999999999995e-12,
      "flux_at": 3
    }
  ]
}